from,to,,,
TUDOR-SN,PIWI,PIWI,FBgn0004872,piwi
TUDOR-SN,AGO2,AGO2,FBgn0087035,AGO2
TUDOR-SN,FMR1,FMR1,FBgn0028734,Fmr1
TUDOR-SN,VIG,VIG,FBgn0024183,vig
TUDOR-SN,CTPSYN,CTPSYN,FBgn0266452,Ctps
TUDOR-SN,FAS2,FAS2,FBgn0000635,Fas2
TUDOR-SN,HOP,FAS2,FBgn0042627,FASN2
TUDOR-SN,MOE,HOP,FBgn0004864,hop
TUDOR-SN,MRPL38,HOP,FBgn0024352,Stip1
TUDOR-SN,NAA20,MOE,FBgn0011661,Moe
TUDOR-SN,RTNL1,MRPL38,Fbgn0030552,mRpL38
TUDOR-SN,DOM,NAA20,FBgn0031043,Naa20A
HRB27C,SQD,NAA20,FBgn0051851,Naa20B
HRB27C,DX,RTNL1,FBgn0053113,Rtnl1
HRB27C,OSK,DOM,FBgn0020306,dom
HRB27C,GLO,SQD,FBgn0263396,sqd
HRB27C,MSL-2,DX,FBgn0000524,dx
HRB27C,OTU,OSK,FBgn0003015,osk
HRB27C,C15,GLO,FBti0160540,Mi{Hto-WP}Drgx[GLO]
HRB27C,CG14204,MSL-2,FBgn0005616,msl-2
HRB27C,CG14989,OTU,FBgn0003023,otu
HRB27C,CG2199,C15,FBgn0004863,C15
HRB27C,CG33056,CG14204,FBgn0031032,CG14204
HRB27C,CG4617,CG14989,FBgn0035495,CG14989
HRB27C,CG9008,CG2199,FBgn0035213,indra
HRB27C,CTBP,CG33056,FBgn0053056,Targ2
HRB27C,CUP,CG4617,FBgn0029936,CG4617
HRB27C,DNT,CG9008,FBgn0028540,CG9008
HRB27C,DSCAM1,CTBP,FBgn0020496,CtBP
HRB27C,EIF-3P66,CUP,FBgn0000392,cup
HRB27C,FER,DNT,FBgn0024245,dnt
HRB27C,FS(1)K10,DSCAM1,FBgn0033159,Dscam1
HRB27C,GADD34,EIF-3P66,FBgn0040227,eIF3d1
HRB27C,GRK,FER,FBgn0000723,FER
HRB27C,HIS1:CG33825,FS(1)K10,FBgn0000810,fs(1)K10
HRB27C,HOW,GADD34,FBgn0034948,PPP1R15
HRB27C,HRB87F,GRK,FBgn0001137,grk
HRB27C,HRB98DE,HIS1:CG33825,FBgn0053825,His:CG33825
HRB27C,HSP23,HOW,FBgn0264491,how
HRB27C,IMP,HRB87F,FBgn0004237,Hrb87F
HRB27C,HSP83,HRB98DE,FBgn0001215,Hrb98DE
HRB27C,KEL,HSP23,FBgn0001224,Hsp23
HRB27C,LIM3,IMP,FBch0000119,IMP
HRB27C,LOQS,IMP,FBgn0036551,CG17029
HRB27C,ME31B,IMP,FBgn0036552,CG17028
HRB27C,OPM,IMP,FBgn0036553,CG17027
HRB27C,PABP,IMP,FBgn0037063,CG9391
HRB27C,PROMININ-LIKE,IMP,FBgn0037064,CG9389
HRB27C,PUF68,IMP,FBgn0285926,Imp
HRB27C,RASSF,HSP83,FBgn0001233,Hsp83
HRB27C,RB97D,KEL,FBgn0001301,kel
HRB27C,SXL,LIM3,FBgn0002023,Lim3
HRB27C,SYP,LOQS,FBgn0032515,loqs
HRB27C,TAF12,ME31B,FBgn0004419,me31B
HRB27C,TNA,OPM,FBgn0264389,opm
HRB27C,UNR,PABP,FBgn0265297,pAbp
HRB27C,HPO,PROMININ-LIKE,FBgn0026189,promL
HRB27C,L(1)SC,PUF68,FBgn0028577,hfp
HRB27C,SD,RASSF,FBgn0039055,Rassf
HRB27C,TBPH,RB97D,FBgn0004903,Rb97D
HRB27C,TER94,SXL,FBgn0264270,Sxl
HRB27C,UBX,SYP,FBgn0038826,Syp
HRB27C,WTS,TAF12,FBgn0011290,Taf12
HRB27C,YKI,TNA,FBgn0026160,tna
OTU,BAM,UNR,FBgn0263352,Unr
OTU,ACT42A,HPO,FBgn0261456,hpo
OTU,BETATUB56D,L(1)SC,FBgn0002561,l(sc)
OTU,HSP83,SD,FBab0038630,Dp(2;2)RanGAP[Sd]
OTU,UBX,SD,FBal0015371,RanGAP[Sd]
OTU,HRB27C,SD,FBgn0003345,sd
OTU,CUP,SD,FBgn0003346,RanGAP
OTU,BLM,TBPH,FBgn0025790,TBPH
OTU,CG11309,TBPH,FBtp0068029,P{UAS-TBPH.R}
OTU,CYCA,TER94,FBgn0286784,TER94
OTU,MOE,UBX,FBgn0003944,Ubx
OTU,P38B,WTS,FBgn0011739,wts
OTU,TRAF6,YKI,FBgn0034970,yki
OTU,UBI-P63E,BAM,FBgn0000158,bam
OTU,CT,ACT42A,FBgn0000043,Act42A
OTU,ENC,BETATUB56D,FBgn0284243,betaTub56D
OTU,GLO,HSP83,FBgn0001233,Hsp83
OTU,OVO,UBX,FBgn0003944,Ubx
OTU,PEA,HRB27C,FBgn0004838,Hrb27C
OTU,PUF68,CUP,FBgn0000392,cup
OTU,SP,BLM,FBgn0002906,Blm
OTU,SQD,CG11309,FBgn0037070,CG11309
OTU,SXL,CYCA,FBgn0000404,CycA
CG5913,CG11723,MOE,FBgn0011661,Moe
CG5913,CG13083,P38B,FBgn0024846,p38b
CG5913,CG31249,TRAF6,FBgn0265464,Traf6
CG5913,DDX1,UBI-P63E,unknown ID,-
CG5913,PUF68,CT,FBgn0004198,ct
CG5913,TOM20,CT,FBgn0033778,Balat
TBPH,FUTSCH,CT,FBtp0011101,P{His2AvD[tCT]}
TBPH,UBQN,CT,FBtp0089356,P{UAS-scrib.CT.myc}
TBPH,SQD,CT,FBtp0132131,P{Acf.G4DBD-CT}
TBPH,CAC,ENC,FBgn0004875,enc
TBPH,CAZ,GLO,FBti0160540,Mi{Hto-WP}Drgx[GLO]
TBPH,HRB87F,OVO,FBgn0003028,ovo
TBPH,HRB98DE,PEA,FBgn0086895,pea
TBPH,DCR-2,PUF68,FBgn0028577,hfp
TBPH,HSROMEGA,SP,FBgn0003034,SP
TBPH,TBPH,SP,FBgn0062519,substance-P
TBPH,CG30122,SQD,FBgn0263396,sqd
TBPH,FMR1,SXL,FBgn0264270,Sxl
TBPH,CG30122,CG11723,FBgn0031391,CG11723
TBPH,MAP205,CG13083,FBgn0032789,CG13083
TBPH,SYX1A,CG31249,FBgn0051249,CG31249
TBPH,CG42458,DDX1,FBgn0015075,Ddx1
TBPH,GL,PUF68,FBgn0028577,hfp
TBPH,GLO,TOM20,FBgn0036928,Tom20
TBPH,HEPH,FUTSCH,FBgn0259108,futsch
TBPH,MIR-9A,UBQN,FBgn0031057,Ubqn
TBPH,NPL4,SQD,FBgn0263396,sqd
TBPH,RUMP,CAC,FBgn0011878,tRNA:His-GTG-1-4
TBPH,SM,CAC,FBgn0050223,tRNA:His-GTG-1-5
TBPH,26-29-P,CAC,FBgn0050249,tRNA:His-GTG-1-1
TBPH,AKIRIN,CAC,FBgn0050250,tRNA:His-GTG-1-2
TBPH,ARET,CAC,FBgn0050251,tRNA:His-GTG-1-3
TBPH,ATPSYN-BETA,CAC,FBgn0263111,cac
TBPH,BAP60,CAZ,FBgn0285954,caz
TBPH,BETATUB56D,HRB87F,FBgn0004237,Hrb87F
TBPH,BT,HRB98DE,FBgn0001215,Hrb98DE
TBPH,CALPC,DCR-2,FBgn0034246,Dcr-2
TBPH,CDA5,HSROMEGA,FBgn0001234,lncRNA:Hsromega
TBPH,CG10650,TBPH,FBgn0025790,TBPH
TBPH,CG11138,TBPH,FBtp0068029,P{UAS-TBPH.R}
TBPH,CG11164,CG30122,FBgn0050122,CG30122
TBPH,CG12645,FMR1,FBgn0028734,Fmr1
TBPH,CG12992,CG30122,FBgn0050122,CG30122
TBPH,CG13084,MAP205,FBgn0002645,Map205
TBPH,CG13114,SYX1A,FBgn0013343,Syx1A
TBPH,CG13502,CG42458,FBgn0259935,CG42458
TBPH,CG13992,GL,FBgn0004618,gl
TBPH,CG14074,GLO,FBti0160540,Mi{Hto-WP}Drgx[GLO]
TBPH,CG15365,HEPH,FBgn0011224,heph
TBPH,CG1637,MIR-9A,FBgn0262373,mir-9a
TBPH,CG16892,NPL4,FBgn0039348,Npl4
TBPH,CG17221,RUMP,FBgn0267790,rump
TBPH,CG2199,SM,FBtp0056778,P{Germ-snk.myc}
TBPH,CG2962,26-29-P,FBgn0250848,CtsK1
TBPH,CG32846,AKIRIN,FBgn0082598,akirin
TBPH,CG34362,ARET,FBgn0000114,bru1
TBPH,CG34408,ATPSYN-BETA,unknown ID,-
TBPH,CG41099,BAP60,FBgn0025463,Bap60
TBPH,CG4328,BETATUB56D,unknown ID,-
TBPH,CG4998,BT,FBal0104484,lqf[BT]
TBPH,CG5214,CALPC,unknown ID,-
TBPH,CG5642,CDA5,unknown ID,-
TBPH,CG5791,CG10650,FBgn0046302,CG10650
TBPH,CG5890,CG11138,FBgn0030400,Pits
TBPH,CG6287,CG11164,FBgn0030507,CG11164
TBPH,CG6688,CG12645,FBgn0030181,CG12645
TBPH,CG6910,CG12992,FBgn0030846,CG12992
TBPH,CG6933,CG13084,FBgn0032788,CG13084
TBPH,CG8177,CG13114,FBgn0032127,CG13114
TBPH,CG8216,CG13502,FBgn0034692,CG13502
TBPH,CG8745,CG13992,FBgn0031756,CG13992
TBPH,CG8907,CG14074,FBgn0036818,CG14074
TBPH,CG9083,CG15365,FBgn0030077,CG15365
TBPH,CLAMP,CG1637,FBgn0030245,CG1637
TBPH,CPR56F,CG16892,FBgn0030122,Aladin
TBPH,CPR65EA,CG17221,FBgn0031500,Rtn4ip1
TBPH,CSP,CG2199,FBgn0035213,indra
TBPH,CYCB,CG2962,FBgn0030186,CG2962
TBPH,D1,CG32846,FBgn0052846,CG32846
TBPH,DLG1,CG34362,FBgn0085391,trv
TBPH,DM,CG34408,FBgn0085437,CG34408
TBPH,FEM-1,CG41099,FBgn0039955,CG41099
TBPH,FOXO,CG4328,FBgn0036274,CG4328
TBPH,GAL,CG4998,FBgn0036612,CG4998
TBPH,HALE,CG5214,FBgn0037891,Dlst
TBPH,HDAC6,CG5642,FBgn0036258,eIF3l
TBPH,HLH4C,CG5791,FBgn0040582,BomBc3
TBPH,KUNE,CG5890,FBgn0039380,CG5890
TBPH,LANB1,CG6287,FBgn0032350,Phgdh
TBPH,LWR,CG6688,FBgn0039038,CG6688
TBPH,MFAP1,CG6910,FBgn0036262,Miox
TBPH,MYO10A,CG6933,FBgn0036952,CG6933
TBPH,N,CG8177,FBgn0036043,Ae2
TBPH,NIPPED-B,CG8216,FBgn0033358,spab
TBPH,NUB,CG8745,FBgn0036381,CG8745
TBPH,ODA,CG8907,FBgn0038466,CG8907
TBPH,PEN,CG9083,FBgn0035077,CG9083
TBPH,PHL,CLAMP,FBgn0032979,Clamp
TBPH,PI3K21B,CPR56F,unknown ID,-
TBPH,PXT,CPR65EA,unknown ID,-
TBPH,RACK1,CSP,FBgn0004179,Csp
TBPH,RAD23,CYCB,FBgn0000405,CycB
TBPH,RHOGAPP190,D1,FBgn0000412,D1
TBPH,RPL7,D1,FBab0026852,Df(3L)HnD-1
TBPH,SEC10,D1,FBal0012578,mul[3]
TBPH,SKD,D1,FBal0012636,mus301[D1]
TBPH,SWIM,D1,FBal0015270,Scm[D1]
TBPH,SYN,D1,FBal0017847,vas[3]
TBPH,TACC,D1,FBal0090703,E(tkv)D1[D1]
TBPH,TN,D1,FBal0097226,Mhc[D1]
TBPH,TRAF6,D1,FBal0102527,eRF1[D1]
TBPH,TROL,D1,FBal0119483,Gad1[E143K]
TBPH,TWDLM,D1,FBal0190368,Desat1[1573-D1]
TBPH,VTD,D1,FBgn0000463,Delta
TBPH,BL,D1,FBgn0001149,GstD1
TBPH,CG32576,D1,FBgn0001977,CIAPIN1
TBPH,EAAT1,D1,FBgn0020608,anon-12Db
TBPH,GLURIIA,D1,FBgn0025009,E(tkv)D1
TBPH,HRB27C,D1,FBtp0093204,P{eve-lacZ.D1}
TBPH,MBL,DLG1,FBgn0001624,dlg1
TBPH,RAB11,DM,FBgn0262656,Myc
TBPH,SENS,FEM-1,unknown ID,-
TBPH,SYP,FOXO,FBgn0038197,foxo
TBPH,TER94,GAL,unknown ID,-
TBPH,TH,HALE,unknown ID,-
TBPH,UFD1-LIKE,HDAC6,FBgn0026428,HDAC6
TBPH,VAP-33A,HLH4C,FBgn0011277,HLH4C
MLE,ROX2,KUNE,unknown ID,-
MLE,MSL-1,LANB1,unknown ID,-
MLE,MSL-3,LWR,unknown ID,-
MLE,ROX1,MFAP1,unknown ID,-
MLE,MSL-2,MYO10A,unknown ID,-
MLE,MOF,N,FBgn0004647,N
MLE,HRB87F,N,FBal0033870,N[Hsp70Bb.PL]
MLE,MI-2,N,FBal0117992,w[hdrvN]
MLE,MLE,N,FBgn0001956,l(2)28Bb
MLE,PEP,N,FBgn0013820,Delta::N
MLE,SRP54,N,FBtp0071154,P{y.N.TARG}
MLE,TOP2,N,FBtp0141413,P{GFP-asp.N}
MLE,U2AF50,NIPPED-B,FBgn0026401,Nipped-B
MLE,CAC,NUB,FBgn0085424,nub
MLE,OVO,ODA,FBgn0014184,Oda
MLE,SU(VAR)3-7,PEN,FBgn0287720,Pen
MLE,AMA,PHL,unknown ID,-
MLE,CG10086,PI3K21B,FBgn0020622,Pi3K21B
MLE,CG10734,PXT,unknown ID,-
MLE,CG16812,RACK1,FBgn0020618,Rack1
MLE,CG4822,RAD23,FBgn0026777,Rad23
MLE,CG9951,RHOGAPP190,unknown ID,-
MLE,CLAMP,RPL7,FBgn0005593,RpL7
MLE,E(Y)2,SEC10,unknown ID,-
MLE,FOXO,SKD,FBgn0003415,skd
MLE,FU12,SWIM,unknown ID,-
MLE,GIG,SYN,FBgn0004575,Syn
MLE,LEASH,TACC,FBgn0026620,tacc
MLE,MEP-1,TN,unknown ID,-
MLE,PI3K21B,TRAF6,FBgn0265464,Traf6
MLE,PROSAP,TROL,FBgn0284408,trol
MLE,RPII215,TWDLM,FBgn0039434,TwdlM
MLE,RPS29,VTD,FBgn0260987,vtd
MLE,SIMJ,BL,FBgn0267791,HnRNP-K
MLE,TSC1,BL,FBtp0007783,P{Ubx.BL}
MLE,UNR,CG32576,FBgn0052576,CG32576
MLE,VDUP1,EAAT1,FBgn0026439,Eaat1
MLE,ISWI,GLURIIA,unknown ID,-
MLE,KHC,HRB27C,FBgn0004838,Hrb27C
MLE,OCM,MBL,FBgn0265487,mbl
MLE,PARA,RAB11,FBgn0015790,Rab11
MLE,SEI,SENS,FBgn0002573,sens
MLE,SH,SYP,unknown ID,-
MLE,VIR,TER94,FBgn0286784,TER94
SOD1,DREDD,TH,FBgn0005626,ple
SOD1,TRXR-1,TH,FBgn0020653,Trxr1
SOD1,ANXB10,TH,FBgn0260635,Diap1
SOD1,ART8,TH,FBtp0081652,P{TrojanHorse}
SOD1,AWD,TH,FBtp0114847,P{ple-GAL4.F}
SOD1,CG10214,UFD1-LIKE,unknown ID,-
SOD1,CG10638,VAP-33A,unknown ID,-
SOD1,CG14715,ROX2,FBgn0005648,Pabp2
SOD1,CG1532,MSL-1,FBgn0005617,msl-1
SOD1,CG2852,MSL-3,FBgn0002775,msl-3
SOD1,CG2862,ROX1,unknown ID,-
SOD1,CG3630,MSL-2,FBgn0005616,msl-2
SOD1,CG4278,MOF,FBgn0014340,mof
SOD1,CG4570,HRB87F,FBgn0004237,Hrb87F
SOD1,CG6945,MI-2,FBgn0262519,Mi-2
SOD1,CG7492,MLE,FBgn0002774,mle
SOD1,CG7737,PEP,FBgn0004401,Pep
SOD1,CG8993,SRP54,FBgn0024285,Srp54
SOD1,CHD64,TOP2,FBgn0284220,Top2
SOD1,CIB,U2AF50,FBgn0005411,U2af50
SOD1,CRC,CAC,FBgn0011878,tRNA:His-GTG-1-4
SOD1,CYP1,CAC,FBgn0050223,tRNA:His-GTG-1-5
SOD1,DF31,CAC,FBgn0050249,tRNA:His-GTG-1-1
SOD1,DUBAI,CAC,FBgn0050250,tRNA:His-GTG-1-2
SOD1,ENO,CAC,FBgn0050251,tRNA:His-GTG-1-3
SOD1,FABP,CAC,FBgn0263111,cac
SOD1,FADD,OVO,FBgn0003028,ovo
SOD1,FK506-BP2,SU(VAR)3-7,FBgn0003598,Su(var)3-7
SOD1,GOT1,AMA,FBgn0000071,Ama
SOD1,IAP2,CG10086,FBgn0037517,CG10086
SOD1,IMD,CG10734,FBgn0034082,CG10734
SOD1,IRD5,CG16812,FBgn0032488,CG16812
SOD1,KEY,CG4822,FBgn0031220,CG4822
SOD1,MTSSB,CG9951,FBgn0036671,CG9951
SOD1,NLP,CLAMP,FBgn0032979,Clamp
SOD1,NTF-2,E(Y)2,unknown ID,-
SOD1,P32,FOXO,FBgn0038197,foxo
SOD1,PDI,FU12,FBgn0285971,prg
SOD1,PGRP-LC,GIG,unknown ID,-
SOD1,PGRP-LE,LEASH,unknown ID,-
SOD1,REGUCALCIN,MEP-1,FBgn0035357,MEP-1
SOD1,REL,PI3K21B,FBgn0020622,Pi3K21B
SOD1,RPS21,PROSAP,unknown ID,-
SOD1,SH3BETA,RPII215,FBgn0003277,Polr2A
SOD1,SMT3,RPS29,unknown ID,-
SOD1,SOD,SIMJ,FBgn0010762,simj
SOD1,TAB2,TSC1,FBgn0026317,Tsc1
SOD1,TAF5,TSC1,FBtp0014410,P{UAS-Tsc1.P}
SOD1,TAK1,UNR,FBgn0263352,Unr
SOD1,TANGO2,VDUP1,FBgn0035103,Vdup1
SOD1,TREH,ISWI,FBgn0011604,Iswi
SOD1,TRX-2,KHC,FBgn0001308,Khc
SOD1,ZPR1,OCM,unknown ID,-
SOD1,CG14291,PARA,unknown ID,-
SOD1,CG3499,SEI,unknown ID,-
SOD1,CG3608,SH,FBgn0003380,Sh
SOD1,CLN3,VIR,unknown ID,-
SOD1,MARF,DREDD,FBgn0020381,Dredd
SOD1,PARK,TRXR-1,unknown ID,-
SOD1,PINK1,ANXB10,FBgn0000084,AnxB10
SOD1,SMN,ART8,unknown ID,-
SOD1,SOD2,AWD,FBgn0000150,awd
SOD1,VAP-33A,CG10214,FBgn0039115,CG10214
SOD1,WWOX,CG10638,FBgn0036290,CG10638
PIWI,ARMI,CG14715,FBgn0037930,CG14715
PIWI,ARX,CG1532,FBgn0031143,CG1532
PIWI,CG9754,CG2852,FBgn0034753,CG2852
PIWI,PAPI,CG2862,FBgn0031459,HINT1
PIWI,SU(VAR)205,CG3630,FBgn0023540,CG3630
PIWI,KLP10A,CG4278,FBgn0014092,CG4278
PIWI,NBR,CG4570,FBgn0037844,CG4570
PIWI,NXF2,CG6945,FBgn0036476,sstn
PIWI,TUDOR-SN,CG7492,FBgn0035807,CG7492
PIWI,FMR1,CG7737,FBgn0033584,CG7737
PIWI,HIS1:CG33825,CG8993,FBgn0035334,CG8993
PIWI,HOP,CHD64,unknown ID,-
PIWI,SU(VAR)2-10,CIB,unknown ID,-
PIWI,VRET,CRC,FBtp0055341,P{clos.15.8}
PIWI,BRAT,CYP1,unknown ID,-
PIWI,CAF1,DF31,FBgn0022893,Df31
PIWI,CORTO,DUBAI,FBgn0033738,DUBAI
PIWI,CG14215,ENO,unknown ID,-
PIWI,CP190,FABP,FBgn0037913,fabp
PIWI,DCR-1,FADD,FBgn0038928,Fadd
PIWI,E(Z),FK506-BP2,FBgn0013954,Fkbp12
PIWI,ESC,GOT1,FBgn0001124,Got1
PIWI,HEN1,IAP2,FBgn0015247,Diap2
PIWI,HSP83,IMD,FBal0045906,imd[1]
PIWI,KAP-ALPHA3,IMD,FBgn0013983,imd
PIWI,KAY,IMD,FBtp0015977,P{UAS-imd.G}
PIWI,ME31B,IRD5,FBgn0024222,IKKβ
PIWI,MEP-1,KEY,FBgn0041205,key
PIWI,MI-2,MTSSB,unknown ID,-
PIWI,NOT1,NLP,FBgn0016685,Nlp
PIWI,NUP358,NTF-2,FBgn0031145,Ntf-2
PIWI,NXT1,P32,FBgn0034259,P32
PIWI,QIN,P32,FBab0002010,Df(2R)P32a
PIWI,RPD3,P32,FBal0008528,Mtr4[2]
PIWI,SHU,P32,FBtp0092250,P{ft.P32.V5}
PIWI,SQU,PDI,FBgn0286818,Pdi
PIWI,SU(VAR)3-3,PGRP-LC,FBgn0035976,PGRP-LC
PIWI,SU(Z)12,PGRP-LC,FBtp0015874,P{UAS-PGRP-LC.x}
PIWI,THOC5,PGRP-LE,FBgn0030695,PGRP-LE
PIWI,TJ,REGUCALCIN,unknown ID,-
PIWI,TOM20,REL,FBgn0014018,Rel
PIWI,TWIN,RPS21,unknown ID,-
PIWI,VAS,SH3BETA,unknown ID,-
PIWI,XMAS-2,SMT3,FBgn0264922,Sumo
PIWI,ZUC,SOD,FBgn0003462,Sod1
PIWI,CG5694,SOD,FBgn0010213,Sod2
PIWI,E2F,SOD,FBgn0039386,Sodq
PIWI,HH,SOD,FBgn0051028,Rsod
PIWI,KR,TAB2,FBgn0086358,Tab2
PIWI,L(3)MBT,TAF5,FBgn0010356,Taf5
PIWI,RANGAP,TAF5,FBgn0011569,can
PIWI,RPS3,TAK1,FBal0126475,Tak1[1]
PIWI,SD,TAK1,FBgn0026323,Tak1
PIWI,SIMA,TAK1,FBtp0012858,P{UAS-Tak1}
PIWI,SRY-DELTA,TANGO2,FBgn0030503,Tango2
PIWI,TGO,TREH,FBgn0003748,Treh
PIWI,YKI,TRX-2,unknown ID,-
PIWI,ZIP99C,ZPR1,unknown ID,-
Arc1,ARC1,CG14291,FBgn0038660,Sgsh
Arc1,ARC2,CG3499,FBgn0034792,YME1L
Arc1,ART8,CG3608,FBgn0035039,Adck1
Arc1,BTHD,CLN3,FBgn0036756,Cln3
Arc1,CCS,MARF,FBgn0029870,Marf
Arc1,CG1129,PARK,FBgn0041100,park
Arc1,CG11777,PINK1,FBgn0029891,Pink1
Arc1,CG1218,SMN,FBgn0036641,Smn
Arc1,CG1532,SOD2,FBgn0010213,Sod2
Arc1,CG15739,VAP-33A,unknown ID,-
Arc1,CG18787,WWOX,FBgn0031972,Wwox
Arc1,CG18789,ARMI,FBgn0041164,armi
Arc1,CG34382,ARX,unknown ID,-
Arc1,CG7049,CG9754,FBgn0034617,Panx
Arc1,CNK,PAPI,FBgn0031401,papi
Arc1,CPR64AD,SU(VAR)205,FBgn0003607,Su(var)205
Arc1,DM,KLP10A,FBgn0030268,Klp10A
Arc1,DOC2,NBR,unknown ID,-
Arc1,GOT1,NXF2,FBgn0036640,nxf2
Arc1,PHL,TUDOR-SN,FBgn0035121,Tudor-SN
Arc1,RAE1,FMR1,FBgn0028734,Fmr1
Arc1,RAS85D,HIS1:CG33825,unknown ID,-
Arc1,RPS21,HOP,FBgn0004864,hop
Arc1,RTI,HOP,FBgn0024352,Stip1
Arc1,S6KII,SU(VAR)2-10,FBgn0003612,Su(var)2-10
Arc1,SOB,VRET,unknown ID,-
Arc1,SRC42A,BRAT,FBgn0010300,brat
Arc1,TREH,CAF1,FBgn0033526,Caf1-105
Arc1,TRX-2,CAF1,FBgn0036239,Pop2
Arc1,TSC1,CAF1,FBgn0263979,Caf1-55
Arc1,WDR82,CORTO,unknown ID,-
ovo,ABD-A,CG14215,FBgn0031052,Elys
ovo,ADH,CP190,FBgn0000283,Cp190
ovo,ANTP,DCR-1,FBgn0039016,Dcr-1
ovo,ARM,E(Z),FBgn0000629,E(z)
ovo,CG1024,ESC,FBgn0000588,esc
ovo,CG10565,ESC,FBgn0032391,escl
ovo,CG10654,HEN1,unknown ID,-
ovo,CG15414,HSP83,FBgn0001233,Hsp83
ovo,CG1602,KAP-ALPHA3,FBgn0027338,Kap-α3
ovo,CG17127,KAY,FBgn0001297,kay
ovo,CG17802,ME31B,FBgn0004419,me31B
ovo,CG32576,MEP-1,FBgn0035357,MEP-1
ovo,CG42593,MI-2,FBgn0262519,Mi-2
ovo,CG45050,NOT1,FBgn0085436,Not1
ovo,CG5382,NUP358,FBgn0039302,Nup358
ovo,CG8478,NXT1,FBgn0028411,Nxt1
ovo,CROL,QIN,unknown ID,-
ovo,DEAF1,RPD3,FBgn0015805,HDAC1
ovo,DYN-P25,SHU,unknown ID,-
ovo,EGFR,SQU,FBgn0267347,squ
ovo,EIP78C,SU(VAR)3-3,FBgn0260397,Su(var)3-3
ovo,EIP93F,SU(Z)12,FBgn0020887,Su(z)12
ovo,ETS65A,THOC5,FBgn0034939,thoc5
ovo,FS(1)K10,TJ,FBgn0000964,tj
ovo,GL,TOM20,FBgn0036928,Tom20
ovo,HR78,TWIN,unknown ID,-
ovo,HSP26,VAS,FBgn0283442,vas
ovo,HTH,XMAS-2,unknown ID,-
ovo,KR,ZUC,FBgn0261266,zuc
ovo,KR-H1,CG5694,FBgn0032197,ova
ovo,LBE,E2F,FBgn0011766,E2f1
ovo,MAMO,E2F,FBgn0024371,E2f2
ovo,MEMBRIN,HH,FBgn0004644,hh
ovo,MLE,KR,FBgn0001325,Kr
ovo,NSF2,KR,FBtp0002732,P{kni.KR}
ovo,NUB,L(3)MBT,FBgn0002441,l(3)mbt
ovo,OTU,RANGAP,unknown ID,-
ovo,PAN,RPS3,FBgn0002622,RpS3
ovo,PBL,SD,FBab0038630,Dp(2;2)RanGAP[Sd]
ovo,PGI,SD,FBal0015371,RanGAP[Sd]
ovo,PRM,SD,FBgn0003345,sd
ovo,RANGAP,SD,FBgn0003346,RanGAP
ovo,RAS85D,SIMA,FBgn0266411,sima
ovo,SNF,SRY-DELTA,unknown ID,-
ovo,SPI,TGO,FBgn0264075,tgo
ovo,SQH,YKI,FBgn0034970,yki
ovo,SXL,ZIP99C,FBgn0039714,Zip99C
ovo,UBX,ARC1,unknown ID,-
ovo,WG,ARC2,unknown ID,-
ovo,YKI,ART8,unknown ID,-
CUP,ARET,BTHD,unknown ID,-
CUP,BICC,CCS,FBgn0010531,Ccs
CUP,CG10694,CG1129,FBgn0037279,Gmppb
CUP,CG14540,CG11777,FBgn0033527,CG11777
CUP,CG14894,CG1218,FBgn0037377,Hpf1
CUP,CG15771,CG1532,FBgn0031143,CG1532
CUP,CG2865,CG15739,FBgn0030347,CG15739
CUP,CG40045,CG18787,FBgn0042125,CG18787
CUP,CG5274,CG18789,FBgn0042127,CG18789
CUP,CG6945,CG34382,FBgn0085411,CG34382
CUP,CG7911,CG7049,FBgn0035102,CG7049
CUP,CG8677,CNK,FBgn0286070,cnk
CUP,CHT3,CPR64AD,unknown ID,-
CUP,CNN,DM,FBgn0262656,Myc
CUP,DAD,DOC2,unknown ID,-
CUP,EGL,GOT1,FBgn0001124,Got1
CUP,EIF-4E,PHL,unknown ID,-
CUP,EIF4E-7,RAE1,unknown ID,-
CUP,ENDOA,RAS85D,FBgn0003205,Ras85D
CUP,EXU,RPS21,unknown ID,-
CUP,GP93,RTI,unknown ID,-
CUP,GUS,S6KII,FBgn0262866,S6kII
CUP,HRB27C,SOB,FBgn0004892,sob
CUP,HSC70-4,SRC42A,FBgn0264959,Src42A
CUP,HSP83,TREH,FBgn0003748,Treh
CUP,IAP2,TRX-2,unknown ID,-
CUP,IRD5,TSC1,FBgn0026317,Tsc1
CUP,KEY,TSC1,FBtp0014410,P{UAS-Tsc1.P}
CUP,ME31B,WDR82,FBgn0032030,Wdr82
CUP,MIRA,ABD-A,FBgn0000014,abd-A
CUP,MMD,ADH,FBgn0000055,Adh
CUP,NOS,ANTP,FBgn0260642,Antp
CUP,NOT1,ARM,FBgn0000117,arm
CUP,NOT3,CG1024,FBgn0027514,CG1024
CUP,ORB,CG10565,FBgn0037051,CG10565
CUP,OSK,CG10654,FBgn0036294,CG10654
CUP,OTU,CG15414,FBgn0031542,CG15414
CUP,PABP,CG1602,FBgn0033186,CG1602
CUP,PDK,CG17127,FBgn0032299,CG17127
CUP,PGRP-LC,CG17802,FBgn0038549,Nnk
CUP,PGRP-LE,CG32576,FBgn0052576,CG32576
CUP,POP2,CG42593,FBgn0260970,Ubr3
CUP,PUM,CG45050,FBgn0266410,drn
CUP,PUR-ALPHA,CG5382,FBgn0038950,CG5382
CUP,RANBPM,CG8478,FBgn0037746,CG8478
CUP,RBP9,CROL,unknown ID,-
CUP,REL,DEAF1,FBgn0013799,Deaf1
CUP,RGA,DYN-P25,unknown ID,-
CUP,RIN,EGFR,FBgn0003731,Egfr
CUP,RPL22,EGFR,FBgn0014847,Egfr::tor
CUP,RPL3,EGFR,FBgn0022739,btl::Egfr
CUP,RPS26,EIP78C,FBgn0004865,Eip78C
CUP,SMG,EIP93F,unknown ID,-
CUP,SPOON,ETS65A,unknown ID,-
CUP,SQD,FS(1)K10,unknown ID,-
CUP,SRPK79D,GL,unknown ID,-
CUP,STAU,HR78,FBgn0015239,Hr78
CUP,STUMPS,HSP26,FBgn0001225,Hsp26
CUP,SU(VAR)205,HTH,FBgn0001235,hth
CUP,TAK1,KR,FBgn0001325,Kr
CUP,TANGO10,KR,FBtp0002732,P{kni.KR}
CUP,TOS,KR-H1,FBgn0266450,Kr-h1
CUP,TRAF-LIKE,LBE,unknown ID,-
CUP,TRAL,MAMO,unknown ID,-
CUP,TWIN,MEMBRIN,unknown ID,-
CUP,YPS,MLE,FBgn0002774,mle
HSP83,ABD-A,NSF2,FBgn0266464,Nsf2
HSP83,ACK,NUB,FBgn0085424,nub
HSP83,AGO1,OTU,FBgn0003023,otu
HSP83,AGO2,PAN,FBgn0085432,pan
HSP83,AGO3,PBL,FBgn0003041,pbl
HSP83,ANXB10,PGI,FBgn0003074,Pgi
HSP83,ARF79F,PRM,unknown ID,-
HSP83,ATPSYN-BETA,RANGAP,unknown ID,-
HSP83,AUB,RAS85D,FBgn0003205,Ras85D
HSP83,BEL,SNF,FBgn0003449,snf
HSP83,BLW,SPI,unknown ID,-
HSP83,CA-P60A,SQH,unknown ID,-
HSP83,CDC37,SXL,FBgn0264270,Sxl
HSP83,CG12491,UBX,FBgn0003944,Ubx
HSP83,CG12811,WG,FBal0001711,clo[1]
HSP83,CG13423,WG,FBgn0284084,wg
HSP83,CG14207,YKI,FBgn0034970,yki
HSP83,CG14894,ARET,FBgn0000114,bru1
HSP83,CG15308,BICC,FBgn0000182,BicC
HSP83,CG16833,CG10694,FBgn0039147,CG10694
HSP83,CG17568,CG14540,FBgn0039398,CG14540
HSP83,CG2064,CG14894,FBgn0038428,Ttc1
HSP83,CG31999,CG15771,FBgn0029801,CG15771
HSP83,CG3225,CG2865,FBgn0023526,CG2865
HSP83,CG3335,CG40045,FBgn0058045,CG40045
HSP83,CG4169,CG5274,FBgn0036987,CG5274
HSP83,CG6830,CG6945,FBgn0036476,sstn
HSP83,CG8316,CG7911,FBgn0039735,Nph
HSP83,CHC,CG8677,FBgn0026577,CG8677
HSP83,CHD64,CHT3,FBgn0250907,Cht10
HSP83,CHN,CNN,FBgn0013765,cnn
HSP83,CHORD,DAD,FBgn0020493,Dad
HSP83,COVIB,EGL,FBgn0000562,egl
HSP83,CPB,EIF-4E,FBgn0015218,eIF4E1
HSP83,CRC,EIF4E-7,unknown ID,-
HSP83,CSW,ENDOA,unknown ID,-
HSP83,CTPSYN,EXU,unknown ID,-
HSP83,CUP,GP93,FBgn0039562,Gp93
HSP83,CYCB,GUS,FBgn0026238,gus
HSP83,DCP-1,HRB27C,FBgn0004838,Hrb27C
HSP83,DCR-2,HSC70-4,FBgn0266599,Hsc70-4
HSP83,DF31,HSP83,FBgn0001233,Hsp83
HSP83,DNAJ-1,IAP2,FBgn0015247,Diap2
HSP83,DOS,IRD5,FBgn0024222,IKKβ
HSP83,DP1,KEY,FBgn0041205,key
HSP83,DPIT47,ME31B,FBgn0004419,me31B
HSP83,DSOR1,MIRA,FBgn0021776,mira
HSP83,EGFR,MMD,unknown ID,-
HSP83,FAX,NOS,FBgn0002962,nanos
HSP83,GCE,NOS,FBgn0011676,Nos
HSP83,GLI,NOT1,FBgn0085436,Not1
HSP83,GP93,NOT3,FBgn0033029,Not3
HSP83,HOP,ORB,FBgn0004882,orb
HSP83,HRB27C,OSK,FBgn0003015,osk
HSP83,INR,OTU,FBgn0003023,otu
HSP83,KSR,PABP,FBgn0265297,pAbp
HSP83,LZ,PDK,FBgn0017558,Pdk
HSP83,MET,PDK,FBgn0020386,Pdk1
HSP83,MSPS,PGRP-LC,FBgn0035976,PGRP-LC
HSP83,NACALPHA,PGRP-LC,FBtp0015874,P{UAS-PGRP-LC.x}
HSP83,ND42,PGRP-LE,FBgn0030695,PGRP-LE
HSP83,NELF-E,POP2,FBgn0036239,Pop2
HSP83,NETO,PUM,FBgn0003165,pum
HSP83,NLP,PUR-ALPHA,unknown ID,-
HSP83,NOS,RANBPM,unknown ID,-
HSP83,NUP358,RBP9,FBgn0010263,Rbp9
HSP83,OTU,REL,FBgn0014018,Rel
HSP83,PABP,RGA,FBgn0017550,Rga
HSP83,PC,RIN,FBgn0015778,rin
HSP83,PHL,RPL22,FBgn0015288,RpL22
HSP83,PHYL,RPL3,unknown ID,-
HSP83,PIWI,RPS26,FBgn0261597,RpS26
HSP83,PORIN,SMG,FBgn0016070,smg
HSP83,RASGAP1,SPOON,unknown ID,-
HSP83,RCA1,SQD,FBgn0263396,sqd
HSP83,REGUCALCIN,SRPK79D,FBgn0025702,Srpk79D
HSP83,RPII215,STAU,FBgn0003520,stau
HSP83,RPN10,STUMPS,unknown ID,-
HSP83,RPS27A,SU(VAR)205,FBgn0003607,Su(var)205
HSP83,SBA,TAK1,FBal0126475,Tak1[1]
HSP83,SEC10,TAK1,FBgn0026323,Tak1
HSP83,SICILY,TAK1,FBtp0012858,P{UAS-Tak1}
HSP83,SINA,TANGO10,FBgn0030330,Tango10
HSP83,SMG,TOS,unknown ID,-
HSP83,SPAG,TRAF-LIKE,unknown ID,-
HSP83,SRC42A,TRAL,FBgn0041775,tral
HSP83,TOR,TWIN,unknown ID,-
HSP83,TPI,YPS,FBgn0022959,yps
HSP83,TRX,ABD-A,FBgn0000014,abd-A
HSP83,UBX,ACK,FBgn0028484,Ack
HSP83,VHA100-1,AGO1,FBgn0262739,AGO1
HSP83,XPORT,AGO1,FBgn0087035,AGO2
,,AGO2,FBgn0087035,AGO2
,,AGO3,FBgn0250816,AGO3
,,ANXB10,FBgn0000084,AnxB10
,,ARF79F,unknown ID,-
,,ATPSYN-BETA,unknown ID,-
,,AUB,FBgn0000146,aub
,,BEL,FBgn0263231,bel
,,BLW,unknown ID,-
,,CA-P60A,FBgn0263006,SERCA
,,CDC37,unknown ID,-
,,CG12491,FBgn0034900,CG12491
,,CG12811,FBgn0037779,CG12811
,,CG13423,FBgn0034513,CG13423
,,CG14207,FBgn0031037,CG14207
,,CG14894,FBgn0038428,Ttc1
,,CG15308,FBgn0040941,CG15308
,,CG16833,FBgn0026147,TTLL4A
,,CG17568,FBgn0032763,CG17568
,,CG2064,FBgn0033205,Rdh1
,,CG31999,FBgn0051999,CG31999
,,CG3225,FBgn0031631,CG3225
,,CG3335,FBgn0036018,CG3335
,,CG4169,FBgn0250814,UQCR-C2
,,CG6830,FBgn0037934,CG6830
,,CG8316,FBgn0267967,corolla
,,CHC,FBgn0000319,Chc
,,CHD64,unknown ID,-
,,CHN,unknown ID,-
,,CHORD,FBgn0029503,mora
,,COVIB,unknown ID,-
,,CPB,FBgn0011570,cpb
,,CRC,FBtp0055341,P{clos.15.8}
,,CSW,FBgn0000382,csw
,,CTPSYN,unknown ID,-
,,CUP,FBgn0000392,cup
,,CYCB,FBgn0000405,CycB
,,DCP-1,FBgn0010501,Dcp-1
,,DCP-1,FBgn0013770,CtsL1
,,DCR-2,FBgn0034246,Dcr-2
,,DF31,FBgn0022893,Df31
,,DNAJ-1,FBgn0263106,DnaJ-1
,,DOS,FBgn0016794,dos
,,DP1,FBgn0011763,Dp
,,DP1,FBgn0027835,Dp1
,,DPIT47,unknown ID,-
,,DSOR1,FBgn0010269,Dsor1
,,EGFR,FBgn0003731,Egfr
,,EGFR,FBgn0014847,Egfr::tor
,,EGFR,FBgn0022739,btl::Egfr
,,FAX,FBgn0014163,fax
,,GCE,FBgn0261703,gce
,,GLI,FBgn0001987,Gli
,,GP93,FBgn0039562,Gp93
,,HOP,FBgn0004864,hop
,,HOP,FBgn0024352,Stip1
,,HRB27C,FBgn0004838,Hrb27C
,,INR,FBgn0283499,InR
,,KSR,FBgn0015402,ksr
,,LZ,FBgn0002576,lz
,,MET,FBgn0002723,Met
,,MET,FBgn0050344,CG30344
,,MSPS,FBgn0027948,msps
,,NACALPHA,unknown ID,-
,,ND42,FBal0118203,hiw[ND42]
,,ND42,FBgn0019957,ND-42
,,NELF-E,FBgn0017430,Nelf-E
,,NETO,FBgn0265416,Neto
,,NLP,FBgn0016685,Nlp
,,NOS,FBgn0002962,nanos
,,NOS,FBgn0011676,Nos
,,NUP358,FBgn0039302,Nup358
,,OTU,FBgn0003023,otu
,,PABP,FBgn0265297,pAbp
,,PC,FBgn0003042,Pc
,,PC,FBgn0027580,Pcb
,,PC,FBgn0028573,prc
,,PHL,unknown ID,-
,,PHYL,FBgn0013725,phyl
,,PIWI,FBgn0004872,piwi
,,PORIN,FBgn0004363,porin
,,RASGAP1,unknown ID,-
,,RCA1,FBgn0017551,Rca1
,,REGUCALCIN,unknown ID,-
,,RPII215,FBgn0003277,Polr2A
,,RPN10,unknown ID,-
,,RPS27A,unknown ID,-
,,SBA,FBgn0016754,sba
,,SEC10,unknown ID,-
,,SICILY,unknown ID,-
,,SINA,FBgn0003410,sina
,,SMG,FBgn0016070,smg
,,SPAG,FBgn0015544,spag
,,SRC42A,FBgn0264959,Src42A
,,TOR,FBgn0003733,tor
,,TOR,FBgn0021796,mTor
,,TPI,FBgn0086355,Tpi
,,TRX,FBgn0003862,trx
,,UBX,FBgn0003944,Ubx
,,VHA100-1,unknown ID,-
,,XPORT,unknown ID,-